Film Studio/Producer(s),Film ID
Famous Players-Lasky,2becf7d5-a3de-46ab-ae45-abdd6b588067
Fox,19ed3295-a878-4fd2-8e60-5cd7b5f93dad
The Caddo Company,3111c2d8-0908-4093-8ff3-99c89f2f2f08
Metro-Goldwyn-Mayer,de063f3f-2d35-4e1c-8636-6eb4c16bd236
Feature Productions,609887c2-877c-43a4-b88c-e40e31096a98
Metro-Goldwyn-Mayer,689f22d5-a700-4ce1-b9be-65652f32c186
Fox,a0644f19-a136-44c2-ab5d-50978ef19608
Paramount Famous Lasky,5d4ef7bd-2f81-47f3-9305-2c8fe140d4e4
Universal,281742f9-3b4e-480d-b704-c8c15de6b721
Cosmopolitan,297aa285-29d7-4a22-b833-c5632ab3e562
Warner Bros.,831f96b0-ebf5-4e09-b47c-d39817b86092
Metro-Goldwyn-Mayer,71614648-8545-4f91-a15e-4991f0eb7f13
Paramount Famous Lasky,0dbbedb5-b8f0-4f0a-9ff7-95e75e43eca7
RKO Radio,db2683c0-128e-4b5c-858f-d9f18c2fb9b9
Fox,ed8c7dfc-97ab-4825-8bbc-74d31292acb4
The Caddo Company,c873d149-786b-413f-ba9d-9978040b5436
Paramount Publix,0f7347c9-a0a5-430b-8f28-43d703c9c4c8
Metro-Goldwyn-Mayer,bd308f8f-cb26-43a0-8b5b-f110934927e0
Metro-Goldwyn-Mayer,be69f946-6adc-47e4-8491-79d6c033f59d
Samuel Goldwyn Productions,91572891-4303-45c2-967a-601b9fa8fe70
Fox,e97f865a-8711-465a-88da-423b67c08738
Metro-Goldwyn-Mayer,c8994348-093e-4e22-8ffe-6ad3332a2bab
First National,9236968a-9ea9-473b-abe2-28ec8c141a8e
Paramount Publix,2299e2df-e18d-41d7-b5b9-ec0041db956d
Paramount Publix,a6f9841d-533f-4360-9c6a-dbb3d26c8dd6
Paramount Publix,cbe0150a-db25-4d46-9d21-183802460465
Fox,e71a2212-92c3-4212-9eb2-d468f10c768e
Warner Bros.,1ad59370-1ed5-4d3a-a8c4-8571f95da168
Paramount,39ab1f95-f400-4cdc-be82-425015486234
Warner Bros.,e36dda02-b84a-4337-ad66-cfa30a5df599
Columbia,7dda746d-5569-4711-afa6-9b76b5e7fa4f
RKO Radio,f6fa2e25-588d-414f-a59d-67b9eb033270
London Films,625a769c-475b-4c27-8c25-01905fe4f583
Paramount,af3be976-1cee-4383-a6f1-50545a634ab5
Metro-Goldwyn-Mayer,cd94faa5-73a9-49d2-82ab-4fcafbde6dc8
Fox,01707372-d948-43ef-91ed-f57945a48ed4
Columbia,88fe2d2b-3e07-4c9f-9978-388b4f7b0c93
Metro-Goldwyn-Mayer,d66f2e6e-b9a6-4f20-972b-315f3998b5a4
Paramount,30a8cacf-0902-4d8c-9c02-934c09e284a6
First National,97e60fc4-5f01-412e-b350-075f1c78939f
RKO Radio,4cff46f4-7853-40a0-9b52-39643b2d257a
Warner Bros.,becfca3d-e679-46b3-a592-a13fcef61f5a
20th Century,a1f33617-6fce-4106-bcd4-4e5b540175e2
Universal,ec7b23f4-2394-4739-adaa-6dbeb10b0b28
Columbia,ff621866-7c96-4eb3-855c-0c10be8340ce
Metro-Goldwyn-Mayer,3ae65a34-8ae8-42c5-9404-06faa25b3cb0
Metro-Goldwyn-Mayer,3ca53584-968b-4ef8-9a29-408223864bc9
Jesse L. Lasky (production company),8d241c99-a9e3-4371-8011-949b36ca7f47
Metro-Goldwyn-Mayer,3cea2927-f5a4-4ffb-9e17-88566f2cd111
RKO Radio,73d8b0a6-dc25-48c0-aa51-e73990fc02d2
Metro-Goldwyn-Mayer,11f40e01-e1d5-4f74-ae72-230823543e37
Cosmopolitan,106183d2-50d3-4d50-8ead-6ed52a93f7c6
Metro-Goldwyn-Mayer,303fd7b4-de82-4d82-a79f-857b45dda877
RKO Radio,98c15d3b-d3c6-4af3-b717-12d446154f5d
Paramount,f6953c25-25ea-41d3-807c-ef4fdfed54cd
Warner Bros.,dee5c6d4-6438-4110-b72a-a49322b52070
20th Century,521b9bf2-426b-49a1-aeb3-d228db8a970c
Metro-Goldwyn-Mayer,adde70ec-0094-4ce0-91ff-6b9ab12387fd
Paramount,f4c74985-f2ec-45db-b8aa-444087ad34d4
RKO Radio,c7ea701f-f0be-4108-b734-14412b70d3b2
Metro-Goldwyn-Mayer,321ede7b-fac6-4259-b070-b403b3404042
Warner Bros.,339e98eb-684b-4a4e-a67c-9a3ffb5f0de9
Samuel Goldwyn Productions,693ad8e8-f9cf-4c4d-b332-18026348de67
Metro-Goldwyn-Mayer,c41fc4b0-1b68-49d4-a45e-02699fbb9ec1
Columbia,9a189d11-e4f6-4b2b-9762-702806ce4a85
Metro-Goldwyn-Mayer,1b04f1e8-f46b-403f-a5df-89ebebb52e4a
Metro-Goldwyn-Mayer,d9c9ba4b-4fcd-4253-ba8b-8a80ea852fb9
Cosmopolitan,40acf99f-bc62-45ee-a766-0297530113d1
Metro-Goldwyn-Mayer,da9c58f7-84b6-4d02-a66a-b5b19d3eea7f
Universal,8866b966-f0a8-4881-88f6-ac7c24e9e1e5
Warner Bros.,0538990c-5cfe-4b21-b733-386740e5cbd6
Columbia,fe542b19-4de9-465d-8b97-19ff88872e56
Metro-Goldwyn-Mayer,bb80b913-a013-4ff1-8c07-7e0ff28c4557
Samuel Goldwyn Productions,5df24f1d-57f8-4d1d-a15d-df07ea5715b1
Metro-Goldwyn-Mayer,6d9e1900-6589-43ae-b80f-863d03cbbdaa
20th Century-Fox,1957aeb5-48c9-423c-8a3d-1f918ba388d2
Columbia,20f2a079-71bd-4c1c-aff7-46237962b8cb
Universal,c3d7ac23-64c7-48e5-8aba-c2af3f5b23eb
RKO Radio,5a739df8-434b-46e9-82c0-9b8f71c9c946
Selznick International Pictures,ea80da77-0642-48c5-a2eb-1d03fb856d2f
Columbia,7530ae81-5165-4431-8a05-5e3a75811021
Warner Bros.-First National,bec32b70-fccd-4f50-b68d-88cca2d2fc7b
20th Century-Fox,a380741f-f2ba-415d-a5b5-f81f826f93a7
Metro-Goldwyn-Mayer,ebce9bc4-4abc-4b48-929f-30a29b1edd7d
Metro-Goldwyn-Mayer,84a31ac1-04d7-4810-af0a-b639d529f159
Warner Bros.-First National,bf7bd76e-f5f7-4a5a-a24e-6ce226a605e9
Realization DArt Cinematographique,121b4de3-2e42-45eb-a8cc-f4496df79d8a
Warner Bros.,70ed2948-fca0-42ab-8421-51bc760a62d4
Metro-Goldwyn-Mayer,31a7d601-261c-478d-969c-5f64d33d531d
Metro-Goldwyn-Mayer,ce4b4264-affe-4e48-9d0b-49b6532449b2
Selznick International Pictures,bcad3809-e6ad-471a-8e05-1035efaaaaf4
Warner Bros.-First National,ae377884-4d60-47f5-893a-1d2577eb6405
Metro-Goldwyn-Mayer,72360bec-f930-4772-beac-21bee3e92055
RKO Radio,c04357fe-39cc-414f-b871-94be98bc38ed
Columbia,38d9b2bf-23d2-4827-8bfa-336ba0dbf1c3
Metro-Goldwyn-Mayer,62d27610-e080-4569-9260-c7883e13adbc
Hal Roach (production company),45488a28-fbf5-4264-944a-d0daa7030486
Walter Wanger (production company),48e19755-7fc6-48d3-af96-7024e9f688ef
Metro-Goldwyn-Mayer,736cefc8-1a8f-4249-943d-7dce78308ddf
Samuel Goldwyn Productions,961860de-899b-4c9a-85ba-d5fb0359cbfb
Selznick International Pictures,e39af7f6-07a0-44e2-ad07-3924634c0aea
Warner Bros.,83619bb1-3c1d-4e3b-bf20-98f9dca469f3
Walter Wanger (production company),d0f8a19e-333c-4dde-aedc-5a15d1df26e0
20th Century-Fox,1709969c-4b54-4c2b-a3ef-384c9a800499
Charles Chaplin Productions,0abfd0f9-e6e1-4472-8b47-c36c4d34b76e
RKO Radio,31371633-b7be-4548-a770-c594d52adc1b
Warner Bros.,a70ff35f-ffc2-4081-8af5-e21d50f21adb
Argosy-Wanger,a7c8d95f-898d-40c0-9880-be1174375e08
Sol Lesser (production company),094d9387-875a-4973-b6e4-fed1231ae253
Metro-Goldwyn-Mayer,c75809c1-8391-4a67-924b-4a5dfcfdaef0
20th Century-Fox,86576fae-02a5-4f78-afe5-908908310def
Metro-Goldwyn-Mayer,75142b0a-bc65-40aa-82b6-716395a2946d
Mercury,765e5aea-e5af-4695-9be2-f3ef765b8012
Columbia,0da3472b-30f2-499d-9418-6af8d76d2028
Paramount,0c375c45-09a9-464e-bc4e-15a1df41ba11
Samuel Goldwyn Productions,4fd7b78f-8984-4220-a075-b30022fde49f
Warner Bros.,86d1ae85-1bda-4459-912d-d21a430496b9
Warner Bros.,ea25fe87-1c55-4e28-bd3f-4bef5da7419e
Warner Bros.,4c463067-6325-43eb-8f11-e17695722ca9
RKO Radio,d7422da7-0391-4b9e-a1e6-99a169b7d9fe
Metro-Goldwyn-Mayer,697603ab-2be4-4a8c-88be-b96bdfe299cf
Ortus,6f05b0c0-cc9e-4f2f-b208-0aec3b17c727
Warner Bros.,c19bbf1c-15de-4eba-9ae4-c491063a83fe
Mercury,36febb3c-b95a-4830-a4a4-8e2ec057cbd2
20th Century-Fox,91e29b8b-715b-4755-a0f1-ee5098a0cdf3
Samuel Goldwyn Productions,13aebc37-5ad5-45fc-888f-8acedb312621
Metro-Goldwyn-Mayer,9a4e6934-a118-4962-9a79-0bf4950f1b65
Columbia,d960aa81-38e9-466c-8b15-96ba859fcc80
Paramount,c7d20743-838e-46e9-bed1-449681a16609
Warner Bros.,06f78a82-6916-485b-9753-a1ba18a4a938
Warner Bros.,5450540a-1dec-4572-8752-75c5ae55cf7d
Paramount,f8981628-2933-42ec-a21b-e9c31164979b
20th Century-Fox,7694bb35-bd99-4b9f-8616-e3c1c0462484
Metro-Goldwyn-Mayer,e85d6ec9-cb6f-4daa-bf6d-876b7104b675
Two Cities Films,af643708-8af7-43c3-9aeb-26be972a6288
Metro-Goldwyn-Mayer,a9dc092c-409a-4d55-a169-b514b7784136
Columbia,c8d03653-289f-422c-a385-fb2097fd2996
20th Century-Fox,5577eaba-960d-452f-a3f3-6a1bc66070a0
20th Century-Fox,7b8c91d7-b87f-4871-ad87-dec95f2fd0da
Warner Bros.,1a4e8a94-150d-484a-8b25-959ab5dfc42e
Paramount,e8c09304-ad53-4c4d-9d08-72b059d37892
Paramount,c08eaccc-190e-4e88-bb31-e2a9ddf6f09c
Metro-Goldwyn-Mayer,bd1cbfe3-80d9-4c20-81ee-1fcccdd3b2a4
Selznick International Pictures,8eee9309-2368-44a0-b135-e1d857b03f3a
20th Century-Fox,2591f82c-c979-47ab-9974-750661ef6a59
Paramount,0b7a2648-33c4-4eed-b40d-86b581f69c9c
Metro-Goldwyn-Mayer,a9713f3b-472e-4338-bd59-6021b65a9c75
Rainbow Productions,f155c808-5944-457e-a02a-a21df320706a
Warner Bros.,6f3cf796-6ae0-4219-84c8-211dd3ec205d
Selznick International Pictures,e285e8cf-d49c-48b8-b75f-20dcb3d82804
Samuel Goldwyn Productions,0d07ce49-6844-4370-b4d7-10d9f02565ba
Two Cities Films,8be23af2-d367-4e60-aae1-77505db9de19
Liberty Films,d17331c1-4d16-4d92-8718-629629129d7c
20th Century-Fox,3328143b-a27d-4cfc-b6d8-44086e698a9e
Metro-Goldwyn-Mayer,c7fac549-3837-42a5-b768-9312e6104ee9
20th Century-Fox,2de2c926-1509-4aca-bb49-6a2514c7ec7a
Samuel Goldwyn Productions,785f3b90-b888-4e90-9c85-5f7029845027
RKO Radio,17e1d9b6-6666-4a83-a898-c1a2472f3cf2
J. Arthur Rank-Cineguild,17b7b449-345b-4d36-8d67-65597db9d27f
20th Century-Fox,ef10f104-3bb4-4576-be62-49bd89ffa349
J. Arthur Rank-Two Cities Films,443109e2-d3c6-4b1d-9bec-3c732801d861
Warner Bros.,45588422-6266-430e-b2e1-292fbf12e238
J. Arthur Rank-Archers,75ddd507-9137-452e-b08c-89cbb2297bd8
20th Century-Fox,894290ac-2b55-458e-b4b6-c5978fc487c7
Warner Bros.,76320732-9fe8-40c8-9532-bf16a4b45483
Columbia,80c1f8b9-36f0-4648-9103-1a27b4b15d6f
Metro-Goldwyn-Mayer,8e1fd126-bcd3-4f20-bfa7-54bcc056dfe8
Paramount,27cd281b-e5bd-4b05-9634-8557891a9593
20th Century-Fox,2c905a08-03f0-45e6-91e7-a9c9bc17826d
20th Century-Fox,1a47efdd-746d-4c28-bd9f-15d2553c73ae
20th Century-Fox,95920d24-3ce7-41e7-bf13-35f70fa38da1
Columbia,7e8fd405-833d-4bba-821c-88f3601017a2
Metro-Goldwyn-Mayer,f83ea7fe-8013-4f13-bda4-4458c4d177e1
Metro-Goldwyn-Mayer,da749acb-0277-4941-93b2-54dda27d75fb
Paramount,ed6d6f9d-2b4e-495e-bdfc-4b3c4f96ee5a
Arthur Freed,11fe2b71-cbc2-446f-a3d6-2c5b75ca4dd3
Anatole Litvak and Frank McCarthy,1d36e03f-db5b-44e6-8cba-9c914bcb72f0
George Stevens,4ca1818a-9d22-4a5e-884e-4f892a2232ed
Sam Zimbalist,493704e4-edf5-493c-ba97-ff530fe7332f
Charles K. Feldman,2c848e08-0362-4305-b9c6-b52b3210b998
Cecil B. DeMille,cc4a95ef-5ae4-4c0a-8ccb-086764ef8c36
Stanley Kramer,839c34d7-1b03-447d-b883-d03e35bd12c5
Pandro S. Berman,0726de1a-97f7-4d02-8ebf-ede53d66faf7
John Huston John Woolf and James Woolf,ba1a50b8-ecb8-4626-b122-a29205c20a4f
John Ford and Merian C. Cooper,6e88383e-fac9-4946-a4fc-f4d0a9647c07
Buddy Adler,4053e1d8-c821-4247-a020-baca7eaef18d
John Houseman,c809744c-13bb-4ded-b500-91b644ee825f
Frank Ross,2ee37736-fd84-4b57-a9c9-df11a9e70329
William Wyler,b732f88f-79d4-43c3-b355-02f7898d908f
George Stevens,32b9e439-a62e-4fbc-b103-dd8cbbd34f5e
Sam Spiegel,6e80353a-6ace-497d-9c6c-1756457a6dc8
Stanley Kramer,6eae2bc6-40f4-44f8-85c6-a11f363726cf
William Perlberg,27b1c21b-9ec8-4270-84a1-ff91400e2b2e
Jack Cummings,96a4a3d6-e8dd-40cb-a54c-b5dbcbfc5e32
Sol C. Siegel,2ebbefba-fb33-47ed-97bb-2b22c85606db
Harold Hecht,0e335b5a-ed13-4c51-8028-d489d57a1e75
Buddy Adler,2bd69ac3-6b2e-4132-b1b0-0f073a1c75e9
Leland Hayward,eab1a500-de95-4cf8-a44e-314760de571d
Fred Kohlmar,d9576b2a-0b16-4c95-b574-4ea6cd782260
Hal B. Wallis,a74c209a-4f5f-4f90-aaec-6c77b62b3ed3
Michael Todd,a0ddcb59-a173-4ffb-9139-3a1a71d006aa
William Wyler,bde43e69-9c9b-4b7b-a438-f5aa9dcb8808
George Stevens and Henry Ginsberg,c77c1d53-c9ea-400d-ad82-7e740e7f1e29
Charles Brackett,05914cd6-60ae-4836-bdc7-1e6ec4b1eb8c
Cecil B. DeMille,7f920258-daa7-4df8-84f1-2f41ddb99b9d
Sam Spiegel,fc627090-b4c0-418b-8437-94b0f41d9bba
Henry Fonda and Reginald Rose,4b3c9249-b991-4a5a-b35d-bf98e217e2bf
Jerry Wald,548cd53c-e455-4fe0-b10b-64d59cadc17b
William Goetz,76b1d406-1398-4917-9007-23484d207a8d
Arthur Hornblow Jr.,db810dc3-c8f5-40be-b525-a77898135ad4
Arthur Freed,7d5a1db5-c60e-458c-9f9e-4ce599f4118a
Jack L. Warner,ed3ebe9b-ba2b-4a93-bd71-369b04396fab
Lawrence Weingarten,466621aa-287c-4316-9083-74a5fc72a4f6
Stanley Kramer,45435847-81e6-44f8-891d-59ac0e5bb985
Harold Hecht,a19cbb5a-db41-4119-a8ed-c805948873a8
Sam Zimbalist,0bb257f6-e9ee-4afd-b8f0-69c2ea1167ae
Otto Preminger,326c4a14-173e-40e2-a943-bc8e7f61128c
George Stevens,77f80298-293e-4bd3-a071-394c8136600d
Henry Blanke,acc60dd6-f542-493e-9900-2174bd8cf1b2
John Woolf and James Woolf,53007b62-3d97-4d58-b381-10747520cb22
Billy Wilder,bec485c9-8736-4ec5-8275-478478dc1d20
John Wayne,547529c6-55ca-4007-be9d-d064b271c15e
Bernard Smith,06cb872f-b533-437b-a0ce-89cd08b8c6f6
Jerry Wald,2f559ba8-3cce-4cdd-a404-fa99f01eb249
Fred Zinnemann,f7881b5a-0ca8-44df-aef1-7428f3a703e0
Robert Wise,ef8f5e5d-f603-44ab-b358-091f26b0da7b
Joshua Logan,c25b2d36-9391-4279-8a8f-edc0e68d3a41
Carl Foreman,ea4834bd-a58a-44a0-b796-7e54e3422e90
Robert Rossen,0d5ee029-1350-4625-b906-afc878129ecf
Stanley Kramer,4de772d6-c839-490e-9e4a-365b48c6570a
Sam Spiegel,77641adf-a5dc-4475-9e3b-dd61c4e32951
Darryl F. Zanuck,4f1a7a69-6434-477c-9124-2341c633a8a8
Morton DaCosta,1a4cbf83-c2d2-4bad-91c5-83aaac03ed16
Aaron Rosenberg,8d5317bd-df12-4f24-b34d-e5047ef4665e
Alan J. Pakula,63ebac97-3aa2-4dd3-8d53-3e8476873668
Tony Richardson,e96a144c-3f01-4f2f-a3ee-fc54bcd81df9
Elia Kazan,7b22a71b-6b22-4b6c-a7ee-4f3a9bc6a3f6
Walter Wanger,47a31f2d-67c9-4aa1-a336-6f30e4dc6c57
Bernard Smith,418250a9-d63e-41d1-8e48-8a5190ab57f1
Ralph Nelson,cec49f67-0474-42fe-bb36-d75224995e60
Jack L. Warner,c3a074a7-658b-4a79-a049-eb30cdf3de0e
Hal B. Wallis,5a35a08e-eafc-46f1-add2-8413867d1bcb
Stanley Kubrick,cd6d6c18-61aa-4e9a-bdec-0dcb2d749dde
Walt Disney and Bill Walsh,ef2ab197-e570-481a-8a5c-ecc33bbc59ce
Michael Cacoyannis,91ff3fae-0b8f-495f-bcad-355504e26ba5
Robert Wise,457971a1-ae06-42ce-9ddd-17e9be9b32af
Joseph Janni,39e6d744-7f92-4cbf-9300-55a43bf7a5e3
Carlo Ponti,cb1ae708-873b-4b2e-b0ea-57967782d566
Stanley Kramer,85e8bfd9-99a2-40a6-b331-a333fa851c36
Fred Coe,18894f37-9638-447a-970c-11024860541f
Fred Zinnemann,d9e00e8e-315d-4507-9eb2-bf89bde7779a
Lewis Gilbert,cb3bba47-5662-4b6d-b6fe-fab2b97102ac
Norman Jewison,c73f5f10-891e-4204-b848-e5a9e422ad9f
Robert Wise,dc277c9f-c5fd-46fa-8b70-25dadbc444cb
Ernest Lehman,34a129cf-eb80-461b-a6da-c8f46df67c60
Walter Mirisch,467a1595-1c69-442d-ab43-92f68b932ddc
Warren Beatty,88b6470e-a145-47f2-b74a-3ba3266f2e4f
Arthur P. Jacobs,0d5b2439-d817-4a04-ada3-446556084561
Lawrence Turman,da0bc2bf-7a48-44b7-be73-8e61624bc7b1
Stanley Kramer,2c26535d-eada-47be-8af1-75bbe5eeed78
John Woolf,bc77f25e-71fa-4563-be5d-47648fe69070
Ray Stark,83010621-a7cc-4e5e-b770-7bdb7c643cd2
Martin Poll,15a28039-7a34-4e2d-89ea-ff8d61b669ff
Paul Newman,55fcf55d-06e6-4b54-8133-aca96742158c
Anthony Havelock-Allan and John Brabourne,b89ed64f-55e8-4c3e-80ee-e7ba748531ab
Jerome Hellman,bc91f715-a16b-4de7-8aa5-7b0b2f875bdb
Hal B. Wallis,56358a21-e826-4674-a4b5-aefbf11395a0
John Foreman,174d890a-717f-4f2d-bff6-03b91ede8466
Ernest Lehman,204c5d1d-ac8b-41fe-ba95-77c323121c43
Jacques Perrin and Ahmed Rachedi,65fd73b8-d854-42fb-97eb-2ed7866c831d
Frank McCarthy,542831fe-9ee4-4997-badb-98cabd43c3d2
Ross Hunter,5bbfb550-a96e-49a4-90fc-a8351617e709
Bob Rafelson and Richard Wechsler,0d283411-d75d-413e-b31c-ece555cf661f
Howard G. Minsky,0a7e8fe6-3614-4599-bdf3-1bc14f161ffa
Ingo Preminger,f65882a5-46f8-42f7-9302-bfc76fd0989d
Philip DAntoni,02e62c41-fdb4-401f-a2a5-615fec952f9e
Stanley Kubrick,b19db2e9-f854-4631-99b6-9c4ab7d08077
Norman Jewison,adaf460e-b6f6-4acf-9419-b396d719a400
Stephen J. Friedman,c4c3d7c5-c66c-4148-b205-812f47fc9c4f
Sam Spiegel,85261a3e-21e0-4862-9850-5cef43307bc0
Albert S. Ruddy,fa8d4d3c-41e1-488f-a30d-715a0ff09764
Cy Feuer,e353fab3-80df-4ebd-afcd-93f70b158537
John Boorman,5ab0fdff-d86a-4320-822c-33d1184f43e6
Bengt Forslund,ec2ca519-2209-40f8-b5e0-d1776bf1b140
Robert B. Radnitz,6e7ed550-a733-4030-a8e4-2aaf59a245dd
Tony Bill Michael Phillips and Julia Phillips,bb6ef738-b9e4-49a2-b8fb-ab2429add488
Francis Ford Coppola and Gary Kurtz,a2b35269-b14a-4126-a4bc-0530348b2457
Ingmar Bergman,1f294125-03d2-4cca-b9b0-b767bdb0b816
William Peter Blatty,0cb63313-b7e2-49db-8bf9-17e72d61183e
Melvin Frank,db331a83-f319-4566-99a6-3c1d77937cf9
Francis Ford Coppola Gray Frederickson and Fred Roos,a29ebc75-3d9a-441f-966c-7b53a3478a71
Robert Evans,fc910341-bca7-4172-abff-116ca3e6d80e
Francis Ford Coppola,51f09950-d054-4bed-b422-cde53c0ad5d3
Marvin Worth,4a3d4e06-2109-4585-a4c1-53f25ae82ea3
Irwin Allen,7fb8aa38-464b-4846-85e0-e7e6cb0caaf8
Michael Douglas and Saul Zaentz,93bd4453-5aa2-48b8-b2a6-c3f564fda13c
Stanley Kubrick,96bd883e-8ef5-4ad1-999f-2892326d1548
Martin Bregman and Martin Elfand,25ec6295-c9bc-4535-8b76-c4c4b6932b27
Richard D. Zanuck and David Brown,49107a35-a34e-44c0-8324-843c7535719f
Robert Altman,2db901c8-7162-466f-a4d6-22aba1a726bf
Irwin Winkler and Robert Chartoff,9cc026b8-3a23-4db9-a703-c2353be1ee4d
Walter Coblenz,048b181b-f1c1-4e3e-bb57-008c90e68339
Robert F. Blumofe and Harold Leventhal,7ac51fff-7c08-48bb-8711-09a28224a21a
Howard Gottfried,09e7097f-0026-4147-9f4d-a17b04a57690
Michael Phillips and Julia Phillips,5fca34f6-fdf8-4e6f-a845-ba51eed1fc2e
Charles H. Joffe,50965bec-a059-4941-954a-07fddfa5a5e5
Ray Stark,e437045d-d8e6-466b-98f5-bf81d91883eb
Richard Roth,c982281e-2dfa-4de4-afb2-9bb7ad5300dc
Gary Kurtz,b03dfef6-a70b-43ef-bdf3-011c42307248
Herbert Ross and Arthur Laurents,b43cfa51-76a9-4f3a-a5f2-baacb12be7b4
Barry Spikings Michael Deeley Michael Cimino and John Peverall,dcfb372f-430d-4998-a7f2-f23a78863ed4
Jerome Hellman,1354afbf-5844-458c-a3c6-21c3119083c6
Warren Beatty,8f0dd2a2-3322-4372-af45-cf1940585d86
Alan Marshall and David Puttnam,01c95862-5a79-4087-9ae7-6f179d49ecd6
Paul Mazursky and Tony Ray,c5d97b57-e71f-40a9-a696-baaefe835b93
Stanley R. Jaffe,40ddb2ef-ead7-4129-9a4a-005bcb9385db
Robert Alan Aurthur,fcf2c847-059b-4750-b7a2-f1d150fadc63
Francis Ford Coppola Fred Roos Gray Frederickson and Tom Sternberg,7d84dcde-add0-4d6e-a416-5f418b0ee4a5
Peter Yates,73d83b0b-79ba-47da-b7f2-ef0c2f78860b
Tamara Asseyev and Alex Rose,42fd0a2b-55a7-4131-89a9-9de4d028d022
Ronald L. Schwary,c7fdd5fc-4ab9-4195-8462-51c65f7cddd0
Bernard Schwartz,e30d2afc-0324-4610-8579-2dc703156dd3
Jonathan Sanger,0887d632-30bd-4e84-9d29-6bbfdd5984b8
Irwin Winkler and Robert Chartoff,06fac879-3ee3-4c83-b676-16c49688b302
Claude Berri and Timothy Burrill,4e06a3f7-c35d-40a9-9a49-45738b7c505b
David Puttnam,dd41a9d6-8ccd-493a-8208-c515dd3053c1
Denis Héroux,554cc033-c312-486f-82d5-f751453452de
Bruce Gilbert,f8b74df8-6eda-4e06-80f3-1222e3caa4a3
Frank Marshall,f70968f4-9afa-42d1-b73f-7bc1cbdbc218
Warren Beatty,cb11d99b-5b54-4b7f-9526-45c7b96af6d7
Richard Attenborough,f4628a4a-c61d-4c53-8ee3-c44d18c7d400
Steven Spielberg and Kathleen Kennedy,46284c86-cb07-478c-8456-8fd89e9c84a9
Edward Lewis and Mildred Lewis,b113ce60-c3f8-4941-b9da-ebfe82a3fc9e
Sydney Pollack and Dick Richards,70a9622e-6db7-4e2c-aee8-10e95dada668
Richard D. Zanuck and David Brown,7652b232-b5ee-4956-8681-297fc00d41ab
James L. Brooks,a9656df0-28f7-4c29-b304-676781b0aee1
Michael Shamberg,c8242d31-95c1-4c16-84b1-ec015f01c19a
Peter Yates,3cf23d0c-6db3-4107-85bf-9416b8ea75ff
Irwin Winkler and Robert Chartoff,6abefa70-b1a8-488e-a096-68be3603d570
Philip S. Hobel,a7ce9a76-c855-4559-8100-17e45efa32da
Saul Zaentz,eae6dbc2-eeb2-428f-a591-0edebbd0c579
David Puttnam,6ac6765b-1aae-4bdf-8d0e-3b70b695a185
John Brabourne and Richard B. Goodwin,47237a83-cdd6-4b9f-8d52-a1ceeef87a1f
Arlene Donovan,62697f02-1274-4648-962e-44b423322cf5
Norman Jewison Ronald L. Schwary and Patrick Palmer,5c207c3e-8e9c-4b50-a2e6-045cca40862a
Sydney Pollack,13188c13-9d17-47b3-951d-02210617670d
Steven Spielberg Kathleen Kennedy Frank Marshall and Quincy Jones,529887f4-f40c-4df4-bde7-61edbc3b83ef
David Weisman,01b3d4bc-21ef-4792-8b0b-587b77b165e6
John Foreman,77e1a54f-4e63-4d9f-af02-d769a4cd9231
Edward S. Feldman,4b7f540c-15bc-4304-99cb-8e71b4aeb986
Arnold Kopelson,7e6ac04e-1578-40f4-a38d-62fd5169e065
Burt Sugarman and Patrick J. Palmer,c60692a0-d167-403e-b91e-b928c84a82ab
Robert Greenhut,d93370e0-15f5-4332-8f53-934c116db5f2
Fernando Ghia and David Puttnam,25e4f98b-6c66-4073-8298-412c4ef204b8
Ismail Merchant,f90240d7-9cf8-4fa8-beb0-69e8020f188a
Jeremy Thomas,451afb73-2c85-47f1-ac5b-f9989f0c7519
James L. Brooks,38fa3d70-d315-4777-aac6-79067a742e28
Stanley R. Jaffe and Sherry Lansing,8b29c745-1a07-4bd5-881b-66dd81fe33ac
John Boorman,db130473-1eda-40a4-babf-da6e269f1064
Patrick J. Palmer and Norman Jewison,54bb0a14-14b0-4726-a85c-07f6bc91b858
Mark Johnson,fffb86d7-7db1-427c-866c-06a2e79d745a
Lawrence Kasdan Charles Okun and Michael Grillo,b803316c-8926-4441-b44e-a13a70367c77
Norma Heyman and Hank Moonjean,dda54969-86a7-475b-a0f3-80c6ce522d0f
Frederick Zollo and Robert F. Colesberry,f81a878d-fce0-4d2c-934e-0df851bf826c
Douglas Wick,ebabac08-be22-4207-a0ab-436d1e3c2b63
Richard D. Zanuck and Lili Fini Zanuck,feca6bb0-53c9-4495-a143-476bd692387b
A. Kitman Ho and Oliver Stone,a08e135b-07af-4bb9-a9cb-ff293f1372d3
Steven Haft Paul Junger Witt and Tony Thomas,ed614f84-1f17-42bb-8c65-64c484d8ad4f
Lawrence Gordon and Charles Gordon,5f90d9e7-f6e0-421b-845f-84d81ddbec9e
Noel Pearson,49e21fd0-9d51-4006-9ee6-7518fba27201
Jim Wilson and Kevin Costner,98f8f2a9-a385-4248-a892-7c0857fb5260
Walter Parkes and Lawrence Lasker,2605a134-1217-4ae4-bf30-43d97858e924
Lisa Weinstein,5e760389-af46-424d-bde2-405623e9ae86
Francis Ford Coppola,881cf2a0-45e8-48b5-a63f-e59fd8e6d31a
Irwin Winkler,99af9db4-124b-4abb-b7cd-ee67426e50c8
Edward Saxon Kenneth Utt and Ron Bozman,a6694bfa-4746-421e-bfab-5dd4a062b942
Don Hahn,9b075c78-d15a-46a2-acf2-cfe6e3b3f946
Mark Johnson Barry Levinson and Warren Beatty,dad4cc76-9f17-434e-8d0d-58efece318b8
A. Kitman Ho and Oliver Stone,b3cd9be4-89eb-4ab7-8e0f-8740d4cad197
Barbra Streisand and Andrew S. Karsch,1d71e707-d959-4ead-806c-9bb20f42bf3c
Clint Eastwood,2ec120ec-af89-47c0-a5de-ee0f0789cf1b
Stephen Woolley,1035b815-61a1-4381-bbee-4e2bfeff00b5
David Brown Rob Reiner and Andrew Scheinman,87a4b35b-0e2f-4a81-8563-a30239451080
Ismail Merchant,02cd0473-5c6d-4537-8e92-e3c081ff133c
Martin Brest,9da93e60-2304-4bc0-86e7-e76094b38c1e
Steven Spielberg Gerald R. Molen and Branko Lustig,cb4bf724-69a8-4c3a-9334-de33c424441e
Arnold Kopelson,51603e98-58cc-49a1-97ea-23a78ca69543
Jim Sheridan,1bd29323-753e-4cad-83e9-1994cd8e5c05
Jan Chapman,d7abff59-adc3-4845-bf3d-77b1a109b731
Mike Nichols John Calley and Ismail Merchant,c4058de8-5d1f-4a0c-afdf-6e15bcb0d865
Wendy Finerman Steve Tisch and Steve Starkey,f93d65fb-33ab-4b66-9367-a50edabc2d3e
Duncan Kenworthy,7c08aab3-e45c-4ba4-ba1a-fd30a67a320d
Lawrence Bender,8fc72f03-3f8e-4fc6-9231-ef6474c20433
Michael Jacobs Julian Krainin Michael Nozik and Robert Redford,cf8b285f-bd11-4433-88c4-37c897fec130
Niki Marvin,995644f5-255c-4564-a647-7d0c8ccc17bb
Mel Gibson Alan Ladd Jr. and Bruce Davey,67a299f8-aabe-4cde-b74e-e71136632ea3
Brian Grazer,e0087fa7-4e07-4eb8-9397-b678d99ce8cb
Bill Miller George Miller and Doug Mitchell,188f9551-fd40-473e-99da-688378336384
Mario Cecchi Gori Vittorio Cecchi Gori and Gaetano Daniele,866815ad-c00c-414c-9e9c-e75466ecbcb9
Lindsay Doran,da35eb21-3cf9-4381-a241-064db05f34ac
Saul Zaentz,30efb856-db60-4652-a757-97ae45337801
Ethan Coen,f85a45ca-740d-4a6f-9506-6c57321fe04d
James L. Brooks Laurence Mark Richard Sakai and Cameron Crowe,a574b721-f78d-44b9-bdf0-8c016ee72064
Simon Channing-Williams,93446faf-582d-405b-bb2c-e963732076ee
Jane Scott,a300b5d0-bde2-49d7-9456-ead55c4539a7
James Cameron and Jon Landau,e7dc77ed-e48d-4cc4-9951-64802f947ce2
James L. Brooks Bridget Johnson and Kristi Zea,336cbfef-4f00-4c5c-ab6a-6b42e217a150
Uberto Pasolini,7f31cb60-c7dd-42f0-9f70-a3134c3237f4
Lawrence Bender,3020a81f-9d77-4d3a-91b5-bbd32cad2aff
Curtis Hanson Arnon Milchan and Michael Nathanson,3cd18a77-0296-46a5-b092-b8f85298bc3a
David Parfitt Donna Gigliotti Harvey Weinstein Edward Zwick and Marc Norman,fa9d4ada-fefc-4e5c-a485-799c66b69fc8
Alison Owen Eric Fellner and Tim Bevan,cbcd4555-61ac-4558-9360-76533048b8f1
Elda Ferri and Gianluigi Braschi,fcdabd53-1c8b-44fe-a359-d21c4b02b59b
Steven Spielberg Ian Bryce Mark Gordon and Gary Levinsohn,fcdb5a05-a025-412c-ad43-5af72cb3a5a7
Robert Michael Geisler John Roberdeau and Grant Hill,3f1dd2d1-b8d0-48f6-9a80-6ccf384c9887
Bruce Cohen and Dan Jinks,393ea3e0-1e32-4c65-8401-e36ab93bf22c
Richard N. Gladstein,3c4ca5f5-080c-4580-b976-cc524daaca09
Frank Darabont and David Valdes,8cb5515b-b9e6-4091-8381-c399ea29d16c
Pieter Jan Brugge and Michael Mann,2b4faadc-b2c8-4b62-81f4-434109efd8f2
Frank Marshall Kathleen Kennedy and Barry Mendel,21b54a15-eca1-4777-b01f-1ef88402d8ab
Douglas Wick David Franzoni and Branko Lustig,3e67a3b9-f24a-420b-b9f8-78870126e1df
David Brown Kit Golden and Leslie Holleran,8886c9d4-e3e8-4471-a859-a3c7d9504b00
William Kong Hsu Li-kong and Ang Lee,f7251c84-34bd-4799-8988-50a0814515d9
Danny DeVito Michael Shamberg and Stacey Sher,06d3d335-5b97-4d11-8c20-ef9b39fa1a07
Edward Zwick Marshall Herskovitz and Laura Bickford,50dc035c-aa8c-4ae7-b590-8de1202c6ae3
Brian Grazer and Ron Howard,69218a0a-fbd1-4a2b-a19b-fc194d43d435
Robert Altman Bob Balaban and David Levy,50dff062-b330-46b8-b529-19794302e949
Graham Leader Ross Katz and Todd Field,af8027ac-3084-497a-b1e1-a5405213a6e3
Peter Jackson Fran Walsh and Barrie M. Osborne,c604e2a8-7845-420e-9d8f-b3919b637b67
Martin Brown Baz Luhrmann and Fred Baron,2b0fed46-3cba-42a0-805e-776d022c38c8
Martin Richards,5ca65d3f-4b1e-4c9f-a629-06f111c3c7c2
Alberto Grimaldi and Harvey Weinstein,e70f19b1-f6f2-4a8e-81b5-d5f16c73f4ff
Scott Rudin and Robert Fox,51a57b94-2340-408a-81aa-3f4a4acc841c
Barrie M. Osborne Fran Walsh and Peter Jackson,8e3c29ae-fb18-4813-a3af-d2d8cb071954
Roman Polanski Robert Benmussa and Alain Sarde,1ffecc42-aab2-4688-924e-dc759598b98e
Barrie M. Osborne Peter Jackson and Fran Walsh,7591962a-1d5a-48dd-a362-8546b21ced73
Ross Katz and Sofia Coppola,ed953088-38f9-43b3-beb3-f5f447de2ca1
Samuel Goldwyn Jr. Peter Weir and Duncan Henderson,41879be1-9006-4484-a325-aa2cc29d2894
Robert Lorenz Judie G. Hoyt and Clint Eastwood,45a52a04-0915-4a4d-8034-8fb1b2811258
Kathleen Kennedy Frank Marshall and Gary Ross,2f1c775f-7d85-41a3-9ab1-1e99cfae4b94
Clint Eastwood Albert S. Ruddy and Tom Rosenberg,a360a577-fb0b-4bd2-ae39-35fb5dbb3deb
Michael Mann and Graham King,90b4e270-b686-4bf2-9fab-2b01b7aa3dd9
Richard N. Gladstein and Nellie Bellflower,19cc6810-a1c4-4d0d-a89a-d0d74c2755da
Taylor Hackford Stuart Benjamin and Howard Baldwin,2fbdbfe1-f830-4ddd-bd17-6648c2b9c9bb
Michael London,c5601ba2-1104-46c1-8c61-74bc9fd90e73
Paul Haggis and Cathy Schulman,4585c429-08f0-4e20-8b9d-d6dcc8fcfbe1
Diana Ossana and James Schamus,dd71a463-36f8-441f-926c-6f93f4ff9141
Caroline Baron William Vince and Michael Ohoven,258c1c0d-0b7d-4efb-b5a2-ba3b5d0baf88
Grant Heslov,0631e138-136e-49f5-b31f-0ad5674df13f
Steven Spielberg Kathleen Kennedy and Barry Mendel,fb74c6a2-d107-4507-bbf1-819e9daa27ae
Graham King,bc73e784-5ad5-45b4-a7b4-132f0ffade15
Alejandro González Iñárritu Steve Golin and Jon Kilik,03a8d27b-c5bd-4002-bf8e-df24cfd96c86
Clint Eastwood Steven Spielberg and Robert Lorenz,7e651506-c75d-403b-9673-b4bc77a84ef2
David T. Friendly Peter Saraf and Marc Turtletaub,16583578-4e99-4999-ab66-9de7d7efc495
Andy Harries Christine Langan and Tracey Seaward,348637e8-bc7c-4d44-8b01-7067023960dd
Scott Rudin Joel Coen and Ethan Coen,29a90339-c5f5-4022-8b33-ea349c4b1bd9
Tim Bevan Eric Fellner and Paul Webster,5b42aceb-a4cb-4897-a376-712e66946cea
Lianne Halfon Mason Novick and Russell Smith,e41e7111-830b-46a2-93fb-1250a5554bbe
Jennifer Fox Kerry Orent and Sydney Pollack,25f1acab-c833-4f4d-ad57-1a283707fbda
Paul Thomas Anderson Daniel Lupi and JoAnne Sellar,41c2923e-f31c-47e4-9be8-e6a447a7d87e
Christian Colson,04b5c110-03a9-43dd-ada0-9d5ec5a2b140
Kathleen Kennedy Frank Marshall and Ceán Chaffin,20341ee5-10fc-422f-80a8-2285d2a720c3
Ron Howard Brian Grazer and Eric Fellner,70d1eaaa-04ef-40fa-83eb-c76f9924538a
Bruce Cohen and Dan Jinks,206da0df-8b6f-4ca0-8ced-f05b683b63ae
Anthony Minghella Sydney Pollack Donna Gigliotti and Redmond Morris,2a998534-5479-42e2-bf17-fcf8fcdeab51
Kathryn Bigelow Mark Boal Nicolas Chartier and Greg Shapiro,9b4177d0-0aaf-4921-ab28-50fa0b20affc
James Cameron and Jon Landau,62882251-9304-4fec-9fa3-b3d20f9574f5
Gil Netter Andrew A. Kosove and Broderick Johnson,7a30c0a9-58fa-41f7-90fd-f85a2c9979d1
Peter Jackson and Carolynne Cunningham,8f06e9f9-d006-4674-b3c1-62406652630a
Finola Dwyer and Amanda Posey,6651de34-a337-4395-8797-2f408016fafa
Lawrence Bender,703f43ee-ac54-4db6-838b-9bb256ad85fc
Lee Daniels Sarah Siegel-Magness and Gary Magness,85eebe7c-8a46-4b99-a06f-67bae1254117
Joel Coen and Ethan Coen,700a9b52-7949-432b-b650-6a190328e137
Jonas Rivera,91050f20-1d70-445d-af55-9153f4477c66
Daniel Dubiecki Ivan Reitman and Jason Reitman,079dec92-de45-4395-b058-de3943fb90ce
Iain Canning Emile Sherman and Gareth Unwin,ab6ff668-b31b-42b4-a406-468b3660562c
Danny Boyle John Smithson and Christian Colson,8aa6ad71-a915-44d3-ad61-a57c83baaee9
Scott Franklin Mike Medavoy and Brian Oliver,d8594332-3a1c-41c4-a4bb-95744b7cc77b
David Hoberman Todd Lieberman and Mark Wahlberg,6d10b167-cb37-4e7c-9636-6bdf993a3ed0
Christopher Nolan and Emma Thomas,33289599-ab93-4631-922c-d0c5f1f652e7
Gary Gilbert Jeffrey Levy-Hinte and Celine Rattray,9772cfa2-5d7b-48eb-8f33-fd9d15087bc5
Dana Brunetti Ceán Chaffin Michael De Luca and Scott Rudin,05fad488-166b-4fcd-9b23-b97ba7c51007
Darla K. Anderson,2c7866a2-f2a7-4409-b90d-022a083e8c04
Joel Coen Ethan Coen and Scott Rudin,86393a19-8f0b-4f28-b90f-9d953dfec999
Alix Madigan and Anne Rosellini,d013a485-c112-4f45-8139-4fca7bfe388f
Thomas Langmann,d200f517-17a4-4d43-8be6-2cf5d36d6bfa
Jim Burke Alexander Payne and Jim Taylor,3674e560-49ce-4097-8249-b3329d12e09c
Scott Rudin,a09a682d-a636-491f-a135-cef9b7628824
Brunson Green Chris Columbus and Michael Barnathan,d571a523-7282-4694-a8ce-5ca620f090ad
Graham King and Martin Scorsese,731143c6-6b60-4fb1-8564-6b86f5175893
Letty Aronson and Stephen Tenenbaum,343925fb-50f7-400d-ad63-70008718666e
Michael De Luca Rachael Horovitz and Brad Pitt,7b46b3b9-1924-4db8-a286-956320d88dfa
Sarah Green Bill Pohlad Dede Gardner and Grant Hill,cd62128e-0cf2-467d-a82a-4fb7c5d4d445
Steven Spielberg and Kathleen Kennedy,8511a59e-ed87-4bfb-8c72-588e85a3b8c7
Grant Heslov Ben Affleck and George Clooney,df2afe2f-24a3-4bef-bbbc-716e24c5c723
Margaret Menegoz Stefan Arndt Veit Heiduschka and Michael Katz,96b5b091-519c-4924-8bc0-76acde8979c5
Dan Janvey Josh Penn and Michael Gottwald,7b0b3303-0178-4978-a5d5-818ab2209cc2
Stacey Sher Reginald Hudlin and Pilar Savone,cca88b79-5fdc-40c6-845f-43c3421cbbee
Gil Netter Ang Lee and David Womark,e21da27c-6ce5-4de2-b31c-82bfafd8a585
Steven Spielberg and Kathleen Kennedy,af47c834-a347-4036-991f-c192418f19dd
Tim Bevan Eric Fellner Debra Hayward and Cameron Mackintosh,d7ede1ef-73aa-4ffe-8d0e-254b90588f95
Donna Gigliotti Bruce Cohen and Jonathan Gordon,c3b2fd62-298b-4692-afb8-ab18bdc11e80
Mark Boal Kathryn Bigelow and Megan Ellison,cc2c5a6a-c66c-4d94-9dcd-2c588ffdb607
Brad Pitt Dede Gardner Jeremy Kleiner Steve McQueen and Anthony Katagas,219ec9bd-2d5c-40c8-b914-bca2446ddcda
Charles Roven Richard Suckle Megan Ellison and Jonathan Gordon,4ca961d2-bac4-43ee-be0c-325348503edd
Scott Rudin Dana Brunetti and Michael De Luca,8e3f5cbe-ba2c-4f7a-a557-030aa0eb3f44
Robbie Brenner and Rachel Winter,15d6f774-4640-49dd-b1bf-f1e3454ee368
Alfonso Cuarón and David Heyman,3b72ef21-a1a0-4bae-ac7d-62bbb2a8fb97
Megan Ellison Spike Jonze and Vincent Landay,49a7e2c9-87c7-496f-b097-f30d641f6bbe
Albert Berger and Ron Yerxa,fb0e0e48-dd1c-47a9-9c5a-e7617cd1f233
Gabrielle Tana Steve Coogan and Tracey Seaward,dd456cf6-adef-4ce6-98a9-5e59bbb27189
Martin Scorsese Leonardo DiCaprio Joey McFarland and Emma Tillinger Koskoff,bdad64df-7778-4870-9d2f-f4aa2141388e
Alejandro G. Iñárritu John Lesher and James W. Skotchdopole,2a5cefcd-9f9e-481c-bcc3-721365d97672
Clint Eastwood Andrew Lazar Robert Lorenz Bradley Cooper and Peter Morgan,a1672fdb-9891-4606-9b46-4abc01e1790a
Richard Linklater and Cathleen Sutherland,d5061cf6-5575-416e-9b08-bed6c5a1e381
Wes Anderson Scott Rudin Steven M. Rales and Jeremy Dawson,24db8875-b61e-4643-bda9-de2455d0f5e7
Nora Grossman Ido Ostrowsky and Teddy Schwarzman,e0336cbf-d6e0-4e6f-990f-854660d715dc
Christian Colson Oprah Winfrey Dede Gardner and Jeremy Kleiner,89d620e7-a9dd-4247-96da-c019556a3cb0
Tim Bevan Eric Fellner Lisa Bruce and Anthony McCarten,82023c5d-f065-4616-bbab-970e84a58d8a
Jason Blum Helen Estabrook and David Lancaster,883da4a2-c3e4-487b-a08c-94f2dff27125
Blye Pagon Faust Steve Golin Nicole Rocklin and Michael Sugar,e8728900-9b21-4486-8a41-893439f118f3
Dede Gardner Jeremy Kleiner and Brad Pitt,a0e57135-dbfa-44a9-9f12-e6d04c9cef45
Steven Spielberg Marc Platt and Kristie Macosko Krieger,01be4f89-7f33-44b5-84fb-74373c394649
Finola Dwyer and Amanda Posey,f95ccdec-05e4-4df6-896c-24ffd29e32cb
Doug Mitchell and George Miller,79fc5e5f-e53f-4bd2-8a92-154268114f49
Simon Kinberg Ridley Scott Michael Schaefer and Mark Huffam,72011778-43b2-4b5f-99e9-49226a306a20
Arnon Milchan Steve Golin Alejandro G. Iñárritu Mary Parent and Keith Redmon,afc8d345-abee-4a78-bbf1-1d2271319e41
Ed Guiney,711a0fe6-003c-4234-b1e1-c192f2d7ab44
Adele Romanski Dede Gardner and Jeremy Kleiner,194103bc-9dbe-4396-ad61-8370f887ce45
Shawn Levy Dan Levine Aaron Ryder and David Linde,0e1f47b6-3fda-45b5-ae50-3b0077b16360
Scott Rudin Denzel Washington and Todd Black,27beb229-8515-4657-8a03-873b287d29f2
Bill Mechanic and David Permut,47d27cf4-2241-42eb-8776-d45b8f1a19ce
Carla Hacken and Julie Yorn,fba9e12d-e725-4711-a502-2e369e554591
Donna Gigliotti Peter Chernin Jenno Topping Pharrell Williams and Theodore Melfi,3bfde6b3-4e9d-4411-a051-00eb89105a84
Fred Berger Jordan Horowitz and Marc Platt,dd2fa2f2-4cbe-4fbe-888c-5cea6773809b
Emile Sherman Iain Canning and Angie Fielder,6f62117a-ca4b-4f26-8b4d-bcff6d3ed0e8
Matt Damon Kimberly Steward Chris Moore Lauren Beck and Kevin J. Walsh,2d5bd667-6a86-4737-a069-3d875a29941b
Guillermo del Toro and J. Miles Dale,05e574cc-0583-419f-9300-257cf0c4d110
Peter Spears Luca Guadagnino Emilie Georges and Marco Morabito,324af136-4644-43f4-9302-000013843ec9
Tim Bevan Eric Fellner Lisa Bruce Anthony McCarten and Douglas Urbanski,097298e3-0a4c-42c9-b295-f7db341d29a0
Emma Thomas and Christopher Nolan,d4bf0919-c2bd-4ab7-9b6f-ad4881444173
Sean McKittrick Jason Blum Edward H. Hamm Jr. and Jordan Peele,bdea345b-3abf-4be0-927e-6dd11c3718bd
Scott Rudin Eli Bush and Evelyn ONeill,fcda8ae3-1d27-4d2d-83c2-e9804ad6bcd7
JoAnne Sellar Paul Thomas Anderson Megan Ellison and Daniel Lupi,daf77b01-c9e3-4bfa-8a6d-57e07ba4c5ad
Amy Pascal Steven Spielberg and Kristie Macosko Krieger,b440a217-27a1-470b-b04e-c101d6cdf8be
Graham Broadbent Pete Czernin and Martin McDonagh,60b0d783-fb20-4683-b1a0-269a7fe8020e
Jim Burke Charles B. Wessler Brian Currie Peter Farrelly and Nick Vallelonga,4dd226cc-dc68-40e7-a5b3-3b1bfff594f1
Kevin Feige,23eb3d70-301d-4e30-955f-57acf8f650dd
Sean McKittrick Jason Blum Raymond Mansfield Jordan Peele and Spike Lee,9b92d8a7-dc53-4219-bb2d-3812ba4048a6
Graham King,fecdf7d4-1af9-41ab-883c-9616cea28519
Ceci Dempsey Ed Guiney Lee Magiday and Yorgos Lanthimos,789c5253-e33e-4862-9cd6-6795271af717
Gabriela Rodríguez and Alfonso Cuarón,1dc73d5e-4ae5-428e-a4f3-d465ffc9262d
Bill Gerber Bradley Cooper and Lynette Howell Taylor,a8a00610-8b95-4d5f-b95e-128b6a2853ea
Dede Gardner Jeremy Kleiner Adam McKay and Kevin Messick,27048415-ff2e-427e-a4de-5d2898a0812d
Kwak Sin-ae and Bong Joon-ho,db1a7b9b-b141-4816-a78a-1ba660b98dba
Sam Mendes Pippa Harris Jayne-Ann Tenggren and Callum McDougall,e150fdb8-b54e-4411-9adf-ab4d2e3bcab0
Peter Chernin Jenno Topping and James Mangold,054dfed2-ce14-4c17-9bf2-fb228eaa78a3
Martin Scorsese Robert De Niro Jane Rosenthal and Emma Tillinger Koskoff,cf8fb1fa-1a2b-48bd-a241-c7e9d487c09d
Carthew Neal Taika Waititi and Chelsea Winstanley,111025ab-00c2-490a-8921-f298fe1a6006
Todd Phillips Bradley Cooper and Emma Tillinger Koskoff,9988cdef-854b-4e3d-8dc4-19e8e8717b9b
Amy Pascal,6207f4ff-c6a8-4922-b48d-71b03a01bc96
Noah Baumbach and David Heyman,4dfbadb9-b7f9-4c24-bbd8-5d55dce2c7c6
David Heyman Shannon McIntosh and Quentin Tarantino,80060b63-3c4c-42c3-ab4f-4efee21776bd
Frances McDormand Peter Spears Mollye Asher Dan Janvey and Chloé Zhao,f04508ab-e957-49aa-908e-c1286123a493
David Parfitt Jean-Louis Livi and Philippe Carcassonne,73e858b2-7b6e-48b4-80d6-960a992961f5
Shaka King Charles D. King and Ryan Coogler,cf55544c-fcaa-4b26-9773-52be27359d6f
Ceán Chaffin Eric Roth and Douglas Urbanski,47d4ae4f-e782-4cd9-9508-4a07302b1c1a
Christina Oh,7262b3a8-214d-4205-985c-70e0860f3236
Ben Browning Ashley Fox Emerald Fennell and Josey McNamara,d64c669b-7a73-496a-bddb-19cb09264371
Bert Hamelinck and Sacha Ben Harroche,647357e9-c067-46bd-aaeb-24d4344ec124
Marc Platt and Stuart M. Besser,cecbca48-f19c-43f4-81d2-da130facda95
